-- Insert landlords first (required for foreign key relationships)
INSERT INTO "public"."landlords" ("id", "email", "name", "wallet_address", "phone", "address", "created_at") VALUES 
('64bfe526-6f4d-41ff-a8f8-bd2b9e19301c', 'budi.santoso@gmail.com', 'Budi Santoso', '0x2546BcD3c84621e976D8185a91A922aE77ECEc30', null, null, '2025-07-27 15:18:22.144722+00'),
('b5b7a967-a2be-4bd3-8845-eff7c8b8c40e', 'ahmad.wijaya@gmail.com', 'Ahmad Wijaya', '0xcd3B766CCDd6AE721141F452C550Ca635964ce71', null, null, '2025-07-27 15:18:22.144722+00'),
('d5aa3e7c-4063-4228-866d-c8afe4d67cf9', 'siti.rahayu@gmail.com', 'Siti Rahayu', '0xc7bbe31C6CC2253700A055C8b404292765E51bBf', null, null, '2025-07-27 15:18:22.144722+00')
ON CONFLICT (id) DO NOTHING;

-- Insert properties
INSERT INTO "public"."properties" ("id", "landlord_id", "blockchain_id", "title", "description", "price_per_month", "price_per_month_idr", "property_type", "bedrooms", "bathrooms", "area_sqm", "furnished", "is_available", "created_at", "pricing_type", "base_price_eth", "base_price_idr", "price_per_month_eth", "image_1", "image_2", "image_3", "facilities", "rental_terms", "location") VALUES 
('660e8400-e29b-41d4-a716-446655440000', '64bfe526-6f4d-41ff-a8f8-bd2b9e19301c', '1', 'Apartemen Modern Jakarta Pusat', 'Apartemen 2 kamar tidur yang indah di jantung Jakarta dengan pemandangan kota yang menakjubkan, fasilitas modern, dan akses mudah ke transportasi umum. Dilengkapi dengan AC, WiFi, dan parkir.', '0.00100000', '8000000', 'apartment', '2', '2', '75', 'true', 'true', '2025-07-27 14:53:41.369689+00', 'fixed', '0.00100000', '8000000', '0.00100000', 'https://apollo.olx.co.id/v1/files/688eb7563c925-ID/image;s=1080x1080', 'https://apollo.olx.co.id/v1/files/688eb7573f61a-ID/image;s=1080x1080', 'https://apollo.olx.co.id/v1/files/688eb7599947a-ID/image;s=1080x1080', '{"Keamanan 24 Jam","Parkir","WiFi"}', '{"utilitas": "Tanggung jawab penyewa", "jangka_waktu": "12-36 bulan", "aturan_khusus": "Tidak merokok di dalam ruangan", "deposit_hewan": "0.5x sewa bulanan", "deposit_keamanan": "1x sewa bulanan"}', 'Jakarta, Indonesia'),
('660e8400-e29b-41d4-a716-446655440001', '64bfe526-6f4d-41ff-a8f8-bd2b9e19301c', '2', 'Rumah Keluarga Bekasi', 'Rumah 3 kamar tidur yang nyaman di lingkungan tenang Bekasi, cocok untuk keluarga. Dekat dengan sekolah dan pusat perbelanjaan.', '0.00160000', '20000000', 'house', '3', '2', '120', 'false', 'true', '2025-07-27 14:53:41.369689+00', 'tiered', '0.00160000', '20000000', '0.00160000', 'https://apollo.olx.co.id/v1/files/6878a4e8bdd8d-ID/image;s=1080x1080', 'https://apollo.olx.co.id/v1/files/6878a4ed0caa3-ID/image;s=1080x1080', 'https://apollo.olx.co.id/v1/files/6878a4e9bcf7a-ID/image;s=1080x1080', '{"Keamanan 24 Jam","Parkir","WiFi"}', '{"utilitas": "Tanggung jawab penyewa", "jangka_waktu": "12-36 bulan", "aturan_khusus": "Tidak merokok di dalam ruangan", "deposit_hewan": "0.5x sewa bulanan", "deposit_keamanan": "1x sewa bulanan"}', 'Jakarta, Indonesia'),
('660e8400-e29b-41d4-a716-446655440002', 'd5aa3e7c-4063-4228-866d-c8afe4d67cf9', '3', 'Penthouse Mewah Sudirman', 'Penthouse eksklusif dengan pemandangan panorama kota, finishing premium, dan akses ke fasilitas gedung termasuk gym dan rooftop terrace. Lokasi strategis di Sudirman.', '0.00300000', '75000000', 'penthouse', '3', '3', '200', 'true', 'true', '2025-07-27 14:53:41.369689+00', 'fixed', '0.00300000', '75000000', '0.00300000', 'https://apollo.olx.co.id/v1/files/688c8a7f0f5ee-ID/image;s=1080x1080', 'https://apollo.olx.co.id/v1/files/688c8a812f303-ID/image;s=1080x1080', 'https://apollo.olx.co.id/v1/files/688c8a82562a2-ID/image;s=1080x1080', '{"Keamanan 24 Jam","Parkir","WiFi"}', '{"utilitas": "Tanggung jawab penyewa", "jangka_waktu": "12-36 bulan", "aturan_khusus": "Tidak merokok di dalam ruangan", "deposit_hewan": "0.5x sewa bulanan", "deposit_keamanan": "1x sewa bulanan"}', 'Jakarta, Indonesia'),
('660e8400-e29b-41d4-a716-446655440003', 'b5b7a967-a2be-4bd3-8845-eff7c8b8c40e', '4', 'Studio Minimalis Tangerang', 'Studio apartment minimalis dan modern di Tangerang, cocok untuk profesional muda. Dilengkapi dengan kitchen set dan kamar mandi dalam.', '0.00060000', '10000000', 'studio', '1', '1', '35', 'true', 'true', '2025-07-27 14:53:41.369689+00', 'fixed', '0.00060000', '1000000', '0.00060000', 'https://apollo.olx.co.id/v1/files/6899b4ae1e897-ID/image;s=1080x1080', 'https://apollo.olx.co.id/v1/files/6899b4aeddfd6-ID/image;s=780x0;q=60', 'https://apollo.olx.co.id/v1/files/6899b4aedf695-ID/image;s=780x0;q=60', '{"Keamanan 24 Jam","Parkir","WiFi"}', '{"utilitas": "Tanggung jawab penyewa", "jangka_waktu": "12-36 bulan", "aturan_khusus": "Tidak merokok di dalam ruangan", "deposit_hewan": "0.5x sewa bulanan", "deposit_keamanan": "1x sewa bulanan"}', 'Jakarta, Indonesia'),
('660e8400-e29b-41d4-a716-446655440004', 'b5b7a967-a2be-4bd3-8845-eff7c8b8c40e', '5', 'Kost Eksklusif Depok', 'Kost eksklusif dengan fasilitas lengkap di Depok, dekat dengan UI dan stasiun. Kamar ber-AC dengan kamar mandi dalam dan WiFi unlimited.', '0.00040000', '7000000', 'boarding_house', '1', '1', '25', 'true', 'true', '2025-07-27 14:53:41.369689+00', 'fixed', '0.00040000', '7000000', '0.00040000', 'https://apollo.olx.co.id/v1/files/6899c4c46da14-ID/image;s=1080x1080', 'https://apollo.olx.co.id/v1/files/6899c4c5c88e1-ID/image;s=1080x1080', 'https://apollo.olx.co.id/v1/files/6899c4c751a68-ID/image;s=1080x1080', '{"Keamanan 24 Jam","Parkir","WiFi"}', '{"utilitas": "Tanggung jawab penyewa", "jangka_waktu": "12-36 bulan", "aturan_khusus": "Tidak merokok di dalam ruangan", "deposit_hewan": "0.5x sewa bulanan", "deposit_keamanan": "1x sewa bulanan"}', 'Jakarta, Indonesia'),
('660e8400-e29b-41d4-a716-446655440005', 'b5b7a967-a2be-4bd3-8845-eff7c8b8c40e', '6', 'Townhouse Bintaro', 'Townhouse 2 lantai di cluster eksklusif Bintaro dengan taman pribadi, garasi, dan keamanan 24 jam. Lingkungan asri dan tenang.', '0.00200000', '25000000', 'townhouse', '3', '3', '150', 'false', 'true', '2025-07-27 14:53:41.369689+00', 'fixed', '0.00200000', '25000000', '0.00200000', 'https://apollo.olx.co.id/v1/files/689a4beaab8b9-ID/image;s=1080x1080', 'https://apollo.olx.co.id/v1/files/689a4bebb95d8-ID/image;s=1080x1080', 'https://apollo.olx.co.id/v1/files/689a4bec846ee-ID/image;s=1080x1080', '{"Keamanan 24 Jam","Parkir","WiFi"}', '{"utilitas": "Tanggung jawab penyewa", "jangka_waktu": "12-36 bulan", "aturan_khusus": "Tidak merokok di dalam ruangan", "deposit_hewan": "0.5x sewa bulanan", "deposit_keamanan": "1x sewa bulanan"}', 'Jakarta, Indonesia')
ON CONFLICT (id) DO NOTHING;

-- Insert rental applications
INSERT INTO "public"."rental_applications" ("id", "property_id", "blockchain_id", "tenant_wallet", "tenant_name", "tenant_email", "tenant_phone", "tenant_address", "tenant_occupation", "tenant_income", "duration", "total_amount", "total_amount_idr", "message", "is_approved", "is_paid", "created_at") VALUES 
('770e8400-e29b-41d4-a716-446655440000', '660e8400-e29b-41d4-a716-446655440000', '1', '0x9876543210987654321098765432109876543210', 'Andi Pratama', 'andi.pratama@email.com', '081234567893', 'Jl. Kebon Jeruk No. 45, Jakarta Barat', 'Software Engineer', '15000000', '6', '0.00600000', '300000000', 'Saya tertarik dengan apartemen ini karena lokasinya strategis dan dekat dengan kantor saya.', 'true', 'false', '2025-07-27 14:53:41.369689+00'),
('770e8400-e29b-41d4-a716-446655440001', '660e8400-e29b-41d4-a716-446655440001', '2', '0x1111222233334444555566667777888899990000', 'Maya Sari', 'maya.sari@email.com', '081234567894', 'Jl. Cempaka Putih No. 67, Jakarta Pusat', 'Marketing Manager', '12000000', '12', '0.01920000', '960000000', 'Rumah yang sangat cocok untuk keluarga kecil saya. Mohon dipertimbangkan.', 'true', 'false', '2025-07-27 14:53:41.369689+00'),
('770e8400-e29b-41d4-a716-446655440002', '660e8400-e29b-41d4-a716-446655440004', '3', '0x2222333344445555666677778888999900001111', 'Rizki Ramadhan', 'rizki.ramadhan@email.com', '081234567895', 'Jl. Margonda Raya No. 89, Depok', 'Mahasiswa', '5000000', '6', '0.00240000', '120000000', 'Saya mahasiswa UI semester akhir, membutuhkan tempat tinggal yang dekat dengan kampus.', 'true', 'true', '2025-07-27 14:53:41.369689+00')
ON CONFLICT (id) DO NOTHING;

-- Insert reviews
INSERT INTO "public"."reviews" ("id", "property_id", "reviewer_name", "reviewer_initial", "rating", "comment", "review_date", "created_at") VALUES 
('036ce6d1-ceb9-49b0-865a-73c6b313dabd', '660e8400-e29b-41d4-a716-446655440000', 'Maya Putri', 'MP', '5', 'Pengalaman sewa yang memuaskan. Akan merekomendasikan ke teman-teman.', '2025-06-21 03:30:20.558037+00', '2025-08-20 03:30:20.558037+00'),
('9833ca2b-2603-41f6-a3a3-87ada1c98899', '660e8400-e29b-41d4-a716-446655440001', 'Sari Dewi', 'SD', '5', 'Tempat tinggal yang recommended. Pemilik sangat responsif dan ramah.', '2025-07-11 03:30:20.558037+00', '2025-08-20 03:30:20.558037+00'),
('d7cc4625-c927-4a63-a775-6aacd2bc5a9d', '660e8400-e29b-41d4-a716-446655440001', 'Dimas Saputra', 'DS', '3', 'Fasilitas cukup, tapi beberapa peralatan rumah sudah perlu diperbaharui.', '2025-06-21 03:30:20.558037+00', '2025-08-20 03:30:20.558037+00'),
('0a8c60b2-597c-4f48-a4e1-5d70194d4242', '660e8400-e29b-41d4-a716-446655440002', 'Dina Marlina', 'DM', '5', 'Sangat puas dengan properti ini. Fasilitas lengkap dan lokasi strategis dekat dengan pusat kota.', '2025-08-05 03:30:20.558037+00', '2025-08-20 03:30:20.558037+00'),
('bcc2d717-942c-4bc6-a4cf-3a50ce7cb1b0', '660e8400-e29b-41d4-a716-446655440002', 'Rudi Hartono', 'RH', '5', 'Lokasi agak jauh dari pusat kota, tapi cocok untuk yang ingin suasana tenang.', '2025-08-10 03:30:20.558037+00', '2025-08-20 03:30:20.558037+00'),
('7451e12f-bc06-455b-b96e-2534cb52a933', '660e8400-e29b-41d4-a716-446655440003', 'Yuni Astuti', 'YA', '5', 'Tempat tinggal yang sangat nyaman, suasana sekitar mendukung untuk bekerja dan beristirahat.', '2025-07-06 03:30:20.558037+00', '2025-08-20 03:30:20.558037+00'),
('b0acf1d6-fe12-4c37-9ade-e46d452405c0', '660e8400-e29b-41d4-a716-446655440003', 'Ahmad Rizki', 'AR', '4', 'Properti yang sangat bagus dan nyaman. Lokasi strategis dan fasilitas lengkap.', '2025-07-21 03:30:20.558037+00', '2025-08-20 03:30:20.558037+00'),
('13d8c3b9-49ee-4705-945d-33d8688d1ba0', '660e8400-e29b-41d4-a716-446655440004', 'Reza Pratama', 'RP', '4', 'Properti bagus dengan harga yang reasonable. Pemilik sangat kooperatif dalam proses sewa.', '2025-07-21 03:30:20.558037+00', '2025-08-20 03:30:20.558037+00'),
('2e702976-96f0-4357-8b68-eabbdbec6e1a', '660e8400-e29b-41d4-a716-446655440004', 'Dewi Lestari', 'DL', '5', 'Sayangnya kebersihan kurang diperhatikan, semoga bisa ditingkatkan.', '2025-07-31 03:30:20.558037+00', '2025-08-20 03:30:20.558037+00'),
('38dad151-19aa-4822-836f-aab3f3764fbf', '660e8400-e29b-41d4-a716-446655440005', 'Budi Santoso', 'BS', '4', 'Kualitas properti sesuai dengan harga. Lingkungan aman dan tenang.', '2025-07-01 03:30:20.558037+00', '2025-08-20 03:30:20.558037+00'),
('0239b3d1-0d53-4b20-be85-6099b172dc20', '660e8400-e29b-41d4-a716-446655440005', 'Lisa Permata', 'LP', '4', 'Lokasi yang strategis dan mudah diakses. Properti bersih dan terawat dengan baik.', '2025-06-06 03:30:20.558037+00', '2025-08-20 03:30:20.558037+00')
ON CONFLICT (id) DO NOTHING;

-- Insert transactions
INSERT INTO "public"."transactions" ("id", "application_id", "tenant_wallet", "landlord_wallet", "amount_eth", "amount_idr", "transaction_hash", "payment_type", "status", "created_at") VALUES 
('990e8400-e29b-41d4-a716-446655440000', '770e8400-e29b-41d4-a716-446655440002', '0x2222333344445555666677778888999900001111', '0x1234567890123456789012345678901234567890', '0.00240000', '120000000', '0xabcdef1234567890abcdef1234567890abcdef1234567890abcdef1234567890', 'rent', 'completed', '2025-07-27 14:53:41.369689+00'),
('990e8400-e29b-41d4-a716-446655440001', '770e8400-e29b-41d4-a716-446655440002', '0x2222333344445555666677778888999900001111', '0x1234567890123456789012345678901234567890', '0.00080000', '40000000', '0x1234567890abcdef1234567890abcdef1234567890abcdef1234567890abcdef', 'deposit', 'completed', '2025-07-27 14:53:41.369689+00')
ON CONFLICT (id) DO NOTHING;

-- Insert lease agreements
INSERT INTO "public"."lease_agreements" ("id", "application_id", "landlord_id", "tenant_wallet", "lease_start_date", "lease_end_date", "monthly_rent", "monthly_rent_idr", "security_deposit", "security_deposit_idr", "terms_and_conditions", "status", "landlord_signature", "tenant_signature", "approval_notes", "approved_at", "created_at") VALUES 
('014074ee-5481-40ba-94e3-3160fddbb4fd', '770e8400-e29b-41d4-a716-446655440001', '64bfe526-6f4d-41ff-a8f8-bd2b9e19301c', '0x1111222233334444555566667777888899990000', '2025-08-18', '2026-08-13', '0.00160000', '80000000', '0.00320000', '160000000', 'Standar terms and conditions untuk sewa properti. Penyewa wajib menjaga kebersihan dan tidak merusak properti.', 'pending', null, null, null, null, '2025-08-18 09:38:00.10401+00')
ON CONFLICT (id) DO NOTHING;
